"time_period","ref_area","indicator","breakdown","unit_measure","value"
"2007","AT","price_internet_only","offer_12_30_mbps","minimum_euro_ppp","38.96484375"
"2007","AT","price_internet_only","offer_8_12_mbps","minimum_euro_ppp","43.84765625"
"2007","BE","price_internet_only","offer_12_30_mbps","minimum_euro_ppp","63.5731158787"
"2007","BE","price_internet_only","offer_8_12_mbps","minimum_euro_ppp","45.7010646216"
"2007","BG","price_internet_only","offer_12_30_mbps","minimum_euro_ppp","45.5729166667"
"2007","BG","price_internet_only","offer_30_100_mbps","minimum_euro_ppp","71.6145833333"
"2007","BG","price_internet_only","offer_8_12_mbps","minimum_euro_ppp","35.15625"
"2007","CZ","price_internet_only","offer_8_12_mbps","minimum_euro_ppp","96.75922059849999"
"2007","DE","price_internet_only","offer_12_30_mbps","minimum_euro_ppp","14.3321541256"
"2007","DK","price_internet_only","offer_12_30_mbps","minimum_euro_ppp","39.4893111639"
"2007","DK","price_internet_only","offer_8_12_mbps","minimum_euro_ppp","35.530482977"
"2007","EU27","price_internet_only","offer_12_30_mbps","minimum_euro_ppp","50.8899600656"
"2007","EU27","price_internet_only","offer_30_100_mbps","minimum_euro_ppp","53.5650340093"
"2007","EU27","price_internet_only","offer_8_12_mbps","minimum_euro_ppp","36.8307919602"
"2007","FI","price_internet_only","offer_12_30_mbps","minimum_euro_ppp","42.133773645"
"2007","FI","price_internet_only","offer_30_100_mbps","minimum_euro_ppp","36.4850380928"
"2007","FI","price_internet_only","offer_8_12_mbps","minimum_euro_ppp","32.1398568987"
"2007","FR","price_internet_only","offer_12_30_mbps","minimum_euro_ppp","16.8867924528"
"2007","HU","price_internet_only","offer_12_30_mbps","minimum_euro_ppp","148.086189845"
"2007","HU","price_internet_only","offer_8_12_mbps","minimum_euro_ppp","43.5578561959"
"2007","IS","price_internet_only","offer_12_30_mbps","minimum_euro_ppp","97.99471860040001"
"2007","IS","price_internet_only","offer_8_12_mbps","minimum_euro_ppp","65.2335368873"
"2007","IT","price_internet_only","offer_12_30_mbps","minimum_euro_ppp","52.3804887547"
"2007","LT","price_internet_only","offer_8_12_mbps","minimum_euro_ppp","19.2936384587"
"2007","LU","price_internet_only","offer_12_30_mbps","minimum_euro_ppp","70.4994403606"
"2007","LV","price_internet_only","offer_12_30_mbps","minimum_euro_ppp","39.1098484848"
"2007","LV","price_internet_only","offer_8_12_mbps","minimum_euro_ppp","27.4621212121"
"2007","NL","price_internet_only","offer_12_30_mbps","minimum_euro_ppp","29.8748194511"
"2007","NL","price_internet_only","offer_8_12_mbps","minimum_euro_ppp","24.0250361098"
"2007","NO","price_internet_only","offer_12_30_mbps","minimum_euro_ppp","47.1879876437"
"2007","NO","price_internet_only","offer_8_12_mbps","minimum_euro_ppp","49.7038310882"
"2007","PL","price_internet_only","offer_12_30_mbps","minimum_euro_ppp","118.962299365"
"2007","PT","price_internet_only","offer_12_30_mbps","minimum_euro_ppp","67.4816139932"
"2007","PT","price_internet_only","offer_8_12_mbps","minimum_euro_ppp","42.4448419797"
"2007","RO","price_internet_only","offer_12_30_mbps","minimum_euro_ppp","31.921685465"
"2007","RO","price_internet_only","offer_8_12_mbps","minimum_euro_ppp","18.6209831879"
"2007","SE","price_internet_only","offer_12_30_mbps","minimum_euro_ppp","27.1659992719"
"2007","SE","price_internet_only","offer_30_100_mbps","minimum_euro_ppp","32.8767746633"
"2007","SE","price_internet_only","offer_8_12_mbps","minimum_euro_ppp","21.386967601"
"2007","SI","price_internet_only","offer_12_30_mbps","minimum_euro_ppp","33.0169211721"
"2007","SI","price_internet_only","offer_30_100_mbps","minimum_euro_ppp","67.409547393"
"2007","SI","price_internet_only","offer_8_12_mbps","minimum_euro_ppp","19.2598706837"
"2007","SK","price_internet_only","offer_12_30_mbps","minimum_euro_ppp","36.567067335"
"2007","SK","price_internet_only","offer_30_100_mbps","minimum_euro_ppp","59.4392265641"
"2007","SK","price_internet_only","offer_8_12_mbps","minimum_euro_ppp","33.4282284621"
"2007","UK","price_internet_only","offer_8_12_mbps","minimum_euro_ppp","50.6785961272"
"2008","AT","price_internet_only","offer_12_30_mbps","minimum_euro_ppp","42.1204659532"
"2008","AT","price_internet_only","offer_8_12_mbps","minimum_euro_ppp","32.649872147"
"2008","BE","price_internet_only","offer_12_30_mbps","minimum_euro_ppp","60.8612143742"
"2008","BE","price_internet_only","offer_8_12_mbps","minimum_euro_ppp","43.7515489467"
"2008","BG","price_internet_only","offer_12_30_mbps","minimum_euro_ppp","24.7838845269"
"2008","BG","price_internet_only","offer_30_100_mbps","minimum_euro_ppp","65.4294551511"
"2008","BG","price_internet_only","offer_8_12_mbps","minimum_euro_ppp","29.7406614323"
"2008","CZ","price_internet_only","offer_12_30_mbps","minimum_euro_ppp","107.895433738"
"2008","CZ","price_internet_only","offer_8_12_mbps","minimum_euro_ppp","82.1321832558"
"2008","DE","price_internet_only","offer_12_30_mbps","minimum_euro_ppp","24.4023904382"
"2008","DK","price_internet_only","offer_12_30_mbps","minimum_euro_ppp","35.7819270617"
"2008","DK","price_internet_only","offer_30_100_mbps","minimum_euro_ppp","58.770766585"
"2008","DK","price_internet_only","offer_8_12_mbps","minimum_euro_ppp","30.9421713725"
"2008","EL","price_internet_only","offer_12_30_mbps","minimum_euro_ppp","26.8704731083"
"2008","ES","price_internet_only","offer_12_30_mbps","minimum_euro_ppp","73.6783105518"
"2008","ES","price_internet_only","offer_8_12_mbps","minimum_euro_ppp","57.4058002459"
"2008","EU27","price_internet_only","offer_12_30_mbps","minimum_euro_ppp","42.1072466972"
"2008","EU27","price_internet_only","offer_30_100_mbps","minimum_euro_ppp","53.1023746478"
"2008","EU27","price_internet_only","offer_8_12_mbps","minimum_euro_ppp","37.3331634524"
"2008","FI","price_internet_only","offer_12_30_mbps","minimum_euro_ppp","35.6062533571"
"2008","FI","price_internet_only","offer_30_100_mbps","minimum_euro_ppp","35.6062533571"
"2008","FI","price_internet_only","offer_8_12_mbps","minimum_euro_ppp","31.3657309247"
"2008","FR","price_internet_only","offer_12_30_mbps","minimum_euro_ppp","20.8030523256"
"2008","HU","price_internet_only","offer_12_30_mbps","minimum_euro_ppp","62.7174880634"
"2008","HU","price_internet_only","offer_8_12_mbps","minimum_euro_ppp","50.578619406"
"2008","IE","price_internet_only","offer_8_12_mbps","minimum_euro_ppp","38.5711889988"
"2008","IS","price_internet_only","offer_12_30_mbps","minimum_euro_ppp","84.49883449879999"
"2008","IS","price_internet_only","offer_8_12_mbps","minimum_euro_ppp","53.6519036519"
"2008","IT","price_internet_only","offer_12_30_mbps","minimum_euro_ppp","28.4966698382"
"2008","IT","price_internet_only","offer_8_12_mbps","minimum_euro_ppp","23.6837932128"
"2008","LT","price_internet_only","offer_8_12_mbps","minimum_euro_ppp","16.6262885374"
"2008","LU","price_internet_only","offer_12_30_mbps","minimum_euro_ppp","60.9714463066"
"2008","LU","price_internet_only","offer_8_12_mbps","minimum_euro_ppp","43.2805710739"
"2008","LV","price_internet_only","offer_12_30_mbps","minimum_euro_ppp","33.8941321297"
"2008","LV","price_internet_only","offer_8_12_mbps","minimum_euro_ppp","24.2100943783"
"2008","MT","price_internet_only","offer_8_12_mbps","minimum_euro_ppp","93.37738830630001"
"2008","NL","price_internet_only","offer_12_30_mbps","minimum_euro_ppp","19.4379482382"
"2008","NL","price_internet_only","offer_8_12_mbps","minimum_euro_ppp","23.3395696913"
"2008","NO","price_internet_only","offer_12_30_mbps","minimum_euro_ppp","37.3423904608"
"2008","PL","price_internet_only","offer_12_30_mbps","minimum_euro_ppp","67.1079242508"
"2008","PL","price_internet_only","offer_8_12_mbps","minimum_euro_ppp","41.6507559365"
"2008","PT","price_internet_only","offer_12_30_mbps","minimum_euro_ppp","48.1694663064"
"2008","RO","price_internet_only","offer_12_30_mbps","minimum_euro_ppp","29.304029304"
"2008","RO","price_internet_only","offer_8_12_mbps","minimum_euro_ppp","17.094017094"
"2008","SE","price_internet_only","offer_12_30_mbps","minimum_euro_ppp","27.9016336872"
"2008","SE","price_internet_only","offer_30_100_mbps","minimum_euro_ppp","31.5567704029"
"2008","SE","price_internet_only","offer_8_12_mbps","minimum_euro_ppp","19.8875761676"
"2008","SI","price_internet_only","offer_12_30_mbps","minimum_euro_ppp","33.8983050847"
"2008","SI","price_internet_only","offer_30_100_mbps","minimum_euro_ppp","63.8852672751"
"2008","SI","price_internet_only","offer_8_12_mbps","minimum_euro_ppp","18.2529335072"
"2008","SK","price_internet_only","offer_12_30_mbps","minimum_euro_ppp","40.5224787363"
"2008","SK","price_internet_only","offer_30_100_mbps","minimum_euro_ppp","63.3657351154"
"2008","SK","price_internet_only","offer_8_12_mbps","minimum_euro_ppp","31.992709599"
"2008","UK","price_internet_only","offer_12_30_mbps","minimum_euro_ppp","21.1344999577"
"2008","UK","price_internet_only","offer_8_12_mbps","minimum_euro_ppp","33.4629582664"
"2009","AT","price_internet_only","offer_12_30_mbps","minimum_euro_ppp","26.478978979"
"2009","AT","price_internet_only","offer_8_12_mbps","minimum_euro_ppp","40.4504504505"
"2009","BE","price_internet_only","offer_12_30_mbps","minimum_euro_ppp","41.6607669617"
"2009","BE","price_internet_only","offer_8_12_mbps","minimum_euro_ppp","40.6342182891"
"2009","BG","price_internet_only","offer_12_30_mbps","minimum_euro_ppp","20.2127659574"
"2009","BG","price_internet_only","offer_30_100_mbps","minimum_euro_ppp","28.7234042553"
"2009","BG","price_internet_only","offer_8_12_mbps","minimum_euro_ppp","21.170212766"
"2009","CZ","price_internet_only","offer_12_30_mbps","minimum_euro_ppp","37.295615013"
"2009","CZ","price_internet_only","offer_8_12_mbps","minimum_euro_ppp","39.8550724638"
"2009","DE","price_internet_only","offer_12_30_mbps","minimum_euro_ppp","19.953271028"
"2009","DK","price_internet_only","offer_12_30_mbps","minimum_euro_ppp","27.6801801802"
"2009","DK","price_internet_only","offer_30_100_mbps","minimum_euro_ppp","37.4324324324"
"2009","DK","price_internet_only","offer_8_12_mbps","minimum_euro_ppp","23.1756756757"
"2009","EE","price_internet_only","offer_8_12_mbps","minimum_euro_ppp","26"
"2009","EL","price_internet_only","offer_12_30_mbps","minimum_euro_ppp","24.356884058"
"2009","ES","price_internet_only","offer_8_12_mbps","minimum_euro_ppp","73.9397163121"
"2009","EU27","price_internet_only","offer_12_30_mbps","minimum_euro_ppp","30.2515735482"
"2009","EU27","price_internet_only","offer_30_100_mbps","minimum_euro_ppp","40.5789001448"
"2009","EU27","price_internet_only","offer_8_12_mbps","minimum_euro_ppp","31.2690869041"
"2009","FI","price_internet_only","offer_12_30_mbps","minimum_euro_ppp","40.0533333333"
"2009","FI","price_internet_only","offer_30_100_mbps","minimum_euro_ppp","38.92"
"2009","FI","price_internet_only","offer_8_12_mbps","minimum_euro_ppp","32.0533333333"
"2009","FR","price_internet_only","offer_12_30_mbps","minimum_euro_ppp","15.5652173913"
"2009","FR","price_internet_only","offer_30_100_mbps","minimum_euro_ppp","26"
"2009","HU","price_internet_only","offer_12_30_mbps","minimum_euro_ppp","19.6265350754"
"2009","HU","price_internet_only","offer_8_12_mbps","minimum_euro_ppp","14.0189536253"
"2009","IE","price_internet_only","offer_12_30_mbps","minimum_euro_ppp","35.8974358974"
"2009","IE","price_internet_only","offer_8_12_mbps","minimum_euro_ppp","30.910968661"
"2009","IS","price_internet_only","offer_30_100_mbps","minimum_euro_ppp","44.9687530045"
"2009","IS","price_internet_only","offer_8_12_mbps","minimum_euro_ppp","31.9584655322"
"2009","IT","price_internet_only","offer_12_30_mbps","minimum_euro_ppp","25.6422018349"
"2009","IT","price_internet_only","offer_8_12_mbps","minimum_euro_ppp","36.6055045872"
"2009","LT","price_internet_only","offer_12_30_mbps","minimum_euro_ppp","16.8097281831"
"2009","LT","price_internet_only","offer_8_12_mbps","minimum_euro_ppp","14.1988555079"
"2009","LU","price_internet_only","offer_12_30_mbps","minimum_euro_ppp","38.3888888889"
"2009","LV","price_internet_only","offer_12_30_mbps","minimum_euro_ppp","21.9139433551"
"2009","LV","price_internet_only","offer_30_100_mbps","minimum_euro_ppp","25.8159041394"
"2009","LV","price_internet_only","offer_8_12_mbps","minimum_euro_ppp","19.0196078431"
"2009","MT","price_internet_only","offer_12_30_mbps","minimum_euro_ppp","89.9543378995"
"2009","MT","price_internet_only","offer_8_12_mbps","minimum_euro_ppp","42.3652968037"
"2009","NL","price_internet_only","offer_12_30_mbps","minimum_euro_ppp","18.9248511905"
"2009","NL","price_internet_only","offer_30_100_mbps","minimum_euro_ppp","58.4040178571"
"2009","NO","price_internet_only","offer_12_30_mbps","minimum_euro_ppp","37.3034227567"
"2009","NO","price_internet_only","offer_30_100_mbps","minimum_euro_ppp","68.408880666"
"2009","NO","price_internet_only","offer_8_12_mbps","minimum_euro_ppp","84.38174529760001"
"2009","PL","price_internet_only","offer_12_30_mbps","minimum_euro_ppp","64.5578231293"
"2009","PL","price_internet_only","offer_8_12_mbps","minimum_euro_ppp","40.0680272109"
"2009","PT","price_internet_only","offer_12_30_mbps","minimum_euro_ppp","25.1812015504"
"2009","PT","price_internet_only","offer_8_12_mbps","minimum_euro_ppp","52.7151162791"
"2009","RO","price_internet_only","offer_12_30_mbps","minimum_euro_ppp","19.3965517241"
"2009","RO","price_internet_only","offer_8_12_mbps","minimum_euro_ppp","12.9310344828"
"2009","SE","price_internet_only","offer_12_30_mbps","minimum_euro_ppp","21.9496587031"
"2009","SE","price_internet_only","offer_30_100_mbps","minimum_euro_ppp","27.2682025028"
"2009","SE","price_internet_only","offer_8_12_mbps","minimum_euro_ppp","15.2730375427"
"2009","SI","price_internet_only","offer_12_30_mbps","minimum_euro_ppp","19.6024096386"
"2009","SI","price_internet_only","offer_30_100_mbps","minimum_euro_ppp","57.8313253012"
"2009","SI","price_internet_only","offer_8_12_mbps","minimum_euro_ppp","16.8674698795"
"2009","SK","price_internet_only","offer_12_30_mbps","minimum_euro_ppp","36.4166666667"
"2009","SK","price_internet_only","offer_8_12_mbps","minimum_euro_ppp","36.6204954955"
"2009","UK","price_internet_only","offer_12_30_mbps","minimum_euro_ppp","18.5185185185"
"2009","UK","price_internet_only","offer_30_100_mbps","minimum_euro_ppp","64.8148148148"
"2009","UK","price_internet_only","offer_8_12_mbps","minimum_euro_ppp","27.7777777778"
"2011","AT","price_internet_only","offer_12_30_mbps","minimum_euro_ppp","20.4236343367"
"2011","AT","price_internet_only","offer_30_100_mbps","minimum_euro_ppp","51.1557041992"
"2011","AT","price_internet_only","offer_8_12_mbps","minimum_euro_ppp","29.2778397126"
"2011","BE","price_internet_only","offer_12_30_mbps","minimum_euro_ppp","27.8786014857"
"2011","BE","price_internet_only","offer_30_100_mbps","minimum_euro_ppp","40.3343188428"
"2011","BE","price_internet_only","offer_8_12_mbps","minimum_euro_ppp","29.863160226"
"2011","BG","price_internet_only","offer_12_30_mbps","minimum_euro_ppp","18.42812685"
"2011","BG","price_internet_only","offer_30_100_mbps","minimum_euro_ppp","23.3390946824"
"2011","BG","price_internet_only","offer_8_12_mbps","minimum_euro_ppp","18.42812685"
"2011","CY","price_internet_only","offer_12_30_mbps","minimum_euro_ppp","75.4419091832"
"2011","CY","price_internet_only","offer_8_12_mbps","minimum_euro_ppp","42.6410791036"
"2011","CZ","price_internet_only","offer_12_30_mbps","minimum_euro_ppp","33.7828086306"
"2011","CZ","price_internet_only","offer_30_100_mbps","minimum_euro_ppp","26.4798028788"
"2011","CZ","price_internet_only","offer_8_12_mbps","minimum_euro_ppp","17.0587226019"
"2011","DE","price_internet_only","offer_12_30_mbps","minimum_euro_ppp","21.0323473048"
"2011","DE","price_internet_only","offer_30_100_mbps","minimum_euro_ppp","21.4628514181"
"2011","DK","price_internet_only","offer_12_30_mbps","minimum_euro_ppp","16.0031816977"
"2011","DK","price_internet_only","offer_30_100_mbps","minimum_euro_ppp","37.7826597477"
"2011","DK","price_internet_only","offer_8_12_mbps","minimum_euro_ppp","17.1473934068"
"2011","EE","price_internet_only","offer_12_30_mbps","minimum_euro_ppp","30.4659967594"
"2011","EE","price_internet_only","offer_8_12_mbps","minimum_euro_ppp","36.9416508495"
"2011","EL","price_internet_only","offer_12_30_mbps","minimum_euro_ppp","22.4414142806"
"2011","ES","price_internet_only","offer_12_30_mbps","minimum_euro_ppp","43.6824561571"
"2011","ES","price_internet_only","offer_30_100_mbps","minimum_euro_ppp","74.8663554738"
"2011","ES","price_internet_only","offer_8_12_mbps","minimum_euro_ppp","62.3677986334"
"2011","EU27","price_internet_only","offer_12_30_mbps","minimum_euro_ppp","30.2047366365"
"2011","EU27","price_internet_only","offer_30_100_mbps","minimum_euro_ppp","37.7625801043"
"2011","EU27","price_internet_only","offer_8_12_mbps","minimum_euro_ppp","27.4722854787"
"2011","FI","price_internet_only","offer_12_30_mbps","minimum_euro_ppp","24.759444196"
"2011","FI","price_internet_only","offer_30_100_mbps","minimum_euro_ppp","17.1687561761"
"2011","FI","price_internet_only","offer_8_12_mbps","minimum_euro_ppp","17.1687561761"
"2011","FR","price_internet_only","offer_12_30_mbps","minimum_euro_ppp","27.9652623926"
"2011","FR","price_internet_only","offer_30_100_mbps","minimum_euro_ppp","27.9652623926"
"2011","HR","price_internet_only","offer_12_30_mbps","minimum_euro_ppp","76.88716960150001"
"2011","HR","price_internet_only","offer_8_12_mbps","minimum_euro_ppp","36.0249915299"
"2011","HU","price_internet_only","offer_12_30_mbps","minimum_euro_ppp","17.831494338"
"2011","HU","price_internet_only","offer_30_100_mbps","minimum_euro_ppp","23.7100089549"
"2011","HU","price_internet_only","offer_8_12_mbps","minimum_euro_ppp","28.8047216229"
"2011","IE","price_internet_only","offer_12_30_mbps","minimum_euro_ppp","34.8418970683"
"2011","IE","price_internet_only","offer_30_100_mbps","minimum_euro_ppp","73.2305740776"
"2011","IE","price_internet_only","offer_8_12_mbps","minimum_euro_ppp","27.3310689577"
"2011","IS","price_internet_only","offer_12_30_mbps","minimum_euro_ppp","55.1378446115"
"2011","IS","price_internet_only","offer_30_100_mbps","minimum_euro_ppp","34.1441839894"
"2011","IS","price_internet_only","offer_8_12_mbps","minimum_euro_ppp","30.0751879699"
"2011","IT","price_internet_only","offer_12_30_mbps","minimum_euro_ppp","27.7361158149"
"2011","IT","price_internet_only","offer_30_100_mbps","minimum_euro_ppp","38.4902779794"
"2011","IT","price_internet_only","offer_8_12_mbps","minimum_euro_ppp","28.813951113"
"2011","LT","price_internet_only","offer_12_30_mbps","minimum_euro_ppp","16.4193598326"
"2011","LT","price_internet_only","offer_30_100_mbps","minimum_euro_ppp","11.2589895995"
"2011","LT","price_internet_only","offer_8_12_mbps","minimum_euro_ppp","30.493096832"
"2011","LU","price_internet_only","offer_12_30_mbps","minimum_euro_ppp","29.0386321702"
"2011","LU","price_internet_only","offer_8_12_mbps","minimum_euro_ppp","35.8580121101"
"2011","LV","price_internet_only","offer_12_30_mbps","minimum_euro_ppp","15.2260781809"
"2011","LV","price_internet_only","offer_30_100_mbps","minimum_euro_ppp","18.1865910642"
"2011","LV","price_internet_only","offer_8_12_mbps","minimum_euro_ppp","19.1106210952"
"2011","MT","price_internet_only","offer_12_30_mbps","minimum_euro_ppp","87.7205556063"
"2011","MT","price_internet_only","offer_30_100_mbps","minimum_euro_ppp","134.75370457"
"2011","MT","price_internet_only","offer_8_12_mbps","minimum_euro_ppp","27.2359260394"
"2011","NL","price_internet_only","offer_12_30_mbps","minimum_euro_ppp","20.3631626081"
"2011","NL","price_internet_only","offer_30_100_mbps","minimum_euro_ppp","31.7968457647"
"2011","NO","price_internet_only","offer_12_30_mbps","minimum_euro_ppp","32.1948726684"
"2011","NO","price_internet_only","offer_30_100_mbps","minimum_euro_ppp","44.3886097152"
"2011","NO","price_internet_only","offer_8_12_mbps","minimum_euro_ppp","34.9274621696"
"2011","PL","price_internet_only","offer_12_30_mbps","minimum_euro_ppp","32.9523950957"
"2011","PL","price_internet_only","offer_30_100_mbps","minimum_euro_ppp","41.4576906548"
"2011","PL","price_internet_only","offer_8_12_mbps","minimum_euro_ppp","27.2821980564"
"2011","PT","price_internet_only","offer_12_30_mbps","minimum_euro_ppp","30.9537052145"
"2011","PT","price_internet_only","offer_30_100_mbps","minimum_euro_ppp","48.8184831374"
"2011","PT","price_internet_only","offer_8_12_mbps","minimum_euro_ppp","24.9987792402"
"2011","RO","price_internet_only","offer_12_30_mbps","minimum_euro_ppp","12.1803820892"
"2011","RO","price_internet_only","offer_30_100_mbps","minimum_euro_ppp","12.6488583234"
"2011","RO","price_internet_only","offer_8_12_mbps","minimum_euro_ppp","18.3955001296"
"2011","SE","price_internet_only","offer_12_30_mbps","minimum_euro_ppp","22.0647739151"
"2011","SE","price_internet_only","offer_30_100_mbps","minimum_euro_ppp","19.8098256735"
"2011","SE","price_internet_only","offer_8_12_mbps","minimum_euro_ppp","12.6445695789"
"2011","SI","price_internet_only","offer_12_30_mbps","minimum_euro_ppp","19.4787780688"
"2011","SI","price_internet_only","offer_30_100_mbps","minimum_euro_ppp","32.3249543859"
"2011","SI","price_internet_only","offer_8_12_mbps","minimum_euro_ppp","26.3388517218"
"2011","SK","price_internet_only","offer_12_30_mbps","minimum_euro_ppp","16.1174929489"
"2011","SK","price_internet_only","offer_30_100_mbps","minimum_euro_ppp","20.2734622009"
"2011","SK","price_internet_only","offer_8_12_mbps","minimum_euro_ppp","19.1594995428"
"2011","UK","price_internet_only","offer_12_30_mbps","minimum_euro_ppp","23.6154499933"
"2011","UK","price_internet_only","offer_30_100_mbps","minimum_euro_ppp","41.2242702007"
"2011","UK","price_internet_only","offer_8_12_mbps","minimum_euro_ppp","25.9485363591"
"2012","AT","price_internet_only","offer_12_30_mbps","minimum_euro_ppp","24.18679549114331"
"2012","AT","price_internet_only","offer_30_100_mbps","minimum_euro_ppp","21.53598414467979"
"2012","AT","price_internet_only","offer_8_12_mbps","minimum_euro_ppp","15.29295181469094"
"2012","BE","price_internet_only","offer_12_30_mbps","minimum_euro_ppp","22.92590883989389"
"2012","BE","price_internet_only","offer_30_100_mbps","minimum_euro_ppp","40.33431884276627"
"2012","BG","price_internet_only","offer_12_30_mbps","minimum_euro_ppp","14.97285306563408"
"2012","BG","price_internet_only","offer_30_100_mbps","minimum_euro_ppp","17.27636892188547"
"2012","BG","price_internet_only","offer_8_12_mbps","minimum_euro_ppp","22.9199827697014"
"2012","CY","price_internet_only","offer_12_30_mbps","minimum_euro_ppp","76.4259340856386"
"2012","CY","price_internet_only","offer_8_12_mbps","minimum_euro_ppp","80.89960285483848"
"2012","CZ","price_internet_only","offer_12_30_mbps","minimum_euro_ppp","26.47980287877268"
"2012","CZ","price_internet_only","offer_30_100_mbps","minimum_euro_ppp","26.47980287877268"
"2012","CZ","price_internet_only","offer_8_12_mbps","minimum_euro_ppp","19.51143370014829"
"2012","DE","price_internet_only","offer_12_30_mbps","minimum_euro_ppp","18.70627408432788"
"2012","DE","price_internet_only","offer_30_100_mbps","minimum_euro_ppp","23.38284260540985"
"2012","DK","price_internet_only","offer_12_30_mbps","minimum_euro_ppp","23.83905912654824"
"2012","DK","price_internet_only","offer_30_100_mbps","minimum_euro_ppp","38.21141034220084"
"2012","DK","price_internet_only","offer_8_12_mbps","minimum_euro_ppp","19.10438998522783"
"2012","EE","price_internet_only","offer_30_100_mbps","minimum_euro_ppp","28.16901480898518"
"2012","EE","price_internet_only","offer_8_12_mbps","minimum_euro_ppp","28.16901480898518"
"2012","EL","price_internet_only","offer_12_30_mbps","minimum_euro_ppp","20.89187192727607"
"2012","EL","price_internet_only","offer_30_100_mbps","minimum_euro_ppp","53.69351283401606"
"2012","EL","price_internet_only","offer_8_12_mbps","minimum_euro_ppp","48.19751201403395"
"2012","ES","price_internet_only","offer_12_30_mbps","minimum_euro_ppp","42.64090975371135"
"2012","ES","price_internet_only","offer_30_100_mbps","minimum_euro_ppp","64.51679720126478"
"2012","ES","price_internet_only","offer_8_12_mbps","minimum_euro_ppp","48.09861290733732"
"2012","EU27","price_internet_only","offer_12_30_mbps","minimum_euro_ppp","24.79009302273979"
"2012","EU27","price_internet_only","offer_30_100_mbps","minimum_euro_ppp","34.44637467519423"
"2012","EU27","price_internet_only","offer_8_12_mbps","minimum_euro_ppp","29.5110869426613"
"2012","FI","price_internet_only","offer_12_30_mbps","minimum_euro_ppp","23.72780068785435"
"2012","FI","price_internet_only","offer_30_100_mbps","minimum_euro_ppp","30.43865896004813"
"2012","FI","price_internet_only","offer_8_12_mbps","minimum_euro_ppp","18.96636911169628"
"2012","FR","price_internet_only","offer_12_30_mbps","minimum_euro_ppp","16.2295842135092"
"2012","FR","price_internet_only","offer_30_100_mbps","minimum_euro_ppp","25.75265770175348"
"2012","HR","price_internet_only","offer_12_30_mbps","minimum_euro_ppp","23.59219761916165"
"2012","HR","price_internet_only","offer_30_100_mbps","minimum_euro_ppp","94.00958933997455"
"2012","HR","price_internet_only","offer_8_12_mbps","minimum_euro_ppp","36.01944830253073"
"2012","HU","price_internet_only","offer_12_30_mbps","minimum_euro_ppp","18.6479547014727"
"2012","HU","price_internet_only","offer_30_100_mbps","minimum_euro_ppp","24.5264693183993"
"2012","HU","price_internet_only","offer_8_12_mbps","minimum_euro_ppp","17.49837850971817"
"2012","IE","price_internet_only","offer_12_30_mbps","minimum_euro_ppp","28.81654385071812"
"2012","IE","price_internet_only","offer_30_100_mbps","minimum_euro_ppp","45.78267001593965"
"2012","IE","price_internet_only","offer_8_12_mbps","minimum_euro_ppp","40.52810394244295"
"2012","IS","price_internet_only","offer_12_30_mbps","minimum_euro_ppp","57.85771618588956"
"2012","IS","price_internet_only","offer_30_100_mbps","minimum_euro_ppp","30.11843333824758"
"2012","IS","price_internet_only","offer_8_12_mbps","minimum_euro_ppp","24.81104722590791"
"2012","IT","price_internet_only","offer_12_30_mbps","minimum_euro_ppp","26.15296122480795"
"2012","IT","price_internet_only","offer_30_100_mbps","minimum_euro_ppp","43.35532009826848"
"2012","IT","price_internet_only","offer_8_12_mbps","minimum_euro_ppp","26.15296122480795"
"2012","LT","price_internet_only","offer_12_30_mbps","minimum_euro_ppp","10.13830313474248"
"2012","LT","price_internet_only","offer_30_100_mbps","minimum_euro_ppp","11.25898959950836"
"2012","LT","price_internet_only","offer_8_12_mbps","minimum_euro_ppp","9.335578876259012"
"2012","LU","price_internet_only","offer_12_30_mbps","minimum_euro_ppp","28.40054796351365"
"2012","LU","price_internet_only","offer_30_100_mbps","minimum_euro_ppp","45.31558020648869"
"2012","LU","price_internet_only","offer_8_12_mbps","minimum_euro_ppp","50.9516039812742"
"2012","LV","price_internet_only","offer_12_30_mbps","minimum_euro_ppp","14.49047094030556"
"2012","LV","price_internet_only","offer_30_100_mbps","minimum_euro_ppp","14.81714822398395"
"2012","LV","price_internet_only","offer_8_12_mbps","minimum_euro_ppp","19.11062109518559"
"2012","MT","price_internet_only","offer_12_30_mbps","minimum_euro_ppp","22.17277022559786"
"2012","MT","price_internet_only","offer_30_100_mbps","minimum_euro_ppp","68.6833286449496"
"2012","MT","price_internet_only","offer_8_12_mbps","minimum_euro_ppp","31.14938265632475"
"2012","NL","price_internet_only","offer_12_30_mbps","minimum_euro_ppp","20.51250151807322"
"2012","NL","price_internet_only","offer_30_100_mbps","minimum_euro_ppp","25.54806145752801"
"2012","NO","price_internet_only","offer_12_30_mbps","minimum_euro_ppp","31.7098676054472"
"2012","NO","price_internet_only","offer_30_100_mbps","minimum_euro_ppp","40.22939556539761"
"2012","NO","price_internet_only","offer_8_12_mbps","minimum_euro_ppp","32.57577908374263"
"2012","PL","price_internet_only","offer_12_30_mbps","minimum_euro_ppp","21.82575844510596"
"2012","PL","price_internet_only","offer_30_100_mbps","minimum_euro_ppp","32.83989118621871"
"2012","PL","price_internet_only","offer_8_12_mbps","minimum_euro_ppp","23.80582725249702"
"2012","PT","price_internet_only","offer_12_30_mbps","minimum_euro_ppp","61.25269940102709"
"2012","PT","price_internet_only","offer_8_12_mbps","minimum_euro_ppp","48.66398589132473"
"2012","RO","price_internet_only","offer_12_30_mbps","minimum_euro_ppp","11.65985294010479"
"2012","RO","price_internet_only","offer_30_100_mbps","minimum_euro_ppp","13.58581079181853"
"2012","RO","price_internet_only","offer_8_12_mbps","minimum_euro_ppp","19.62165859325956"
"2012","SE","price_internet_only","offer_12_30_mbps","minimum_euro_ppp","13.85282844971957"
"2012","SE","price_internet_only","offer_30_100_mbps","minimum_euro_ppp","12.49939118739065"
"2012","SE","price_internet_only","offer_8_12_mbps","minimum_euro_ppp","11.70325162131481"
"2012","SI","price_internet_only","offer_12_30_mbps","minimum_euro_ppp","20.67599860164642"
"2012","SI","price_internet_only","offer_30_100_mbps","minimum_euro_ppp","32.3249543858977"
"2012","SI","price_internet_only","offer_8_12_mbps","minimum_euro_ppp","26.33885172184257"
"2012","SK","price_internet_only","offer_12_30_mbps","minimum_euro_ppp","17.6308860873633"
"2012","SK","price_internet_only","offer_30_100_mbps","minimum_euro_ppp","23.22126737358046"
"2012","SK","price_internet_only","offer_8_12_mbps","minimum_euro_ppp","18.68232203788362"
"2012","UK","price_internet_only","offer_12_30_mbps","minimum_euro_ppp","18.48344235630444"
"2012","UK","price_internet_only","offer_30_100_mbps","minimum_euro_ppp","38.04590048332083"
"2012","UK","price_internet_only","offer_8_12_mbps","minimum_euro_ppp","27.54424095054574"
"2013","AT","price_internet_only","offer_12_30_mbps","minimum_euro_ppp","23.22021232501641"
"2013","AT","price_internet_only","offer_30_100_mbps","minimum_euro_ppp","23.73201505052981"
"2013","AT","price_internet_only","offer_8_12_mbps","minimum_euro_ppp","16.31969971550828"
"2013","BE","price_internet_only","offer_100_mbps","minimum_euro_ppp","60.18731948729466"
"2013","BE","price_internet_only","offer_12_30_mbps","minimum_euro_ppp","22.83374902971342"
"2013","BE","price_internet_only","offer_30_100_mbps","minimum_euro_ppp","42.2345552048733"
"2013","BG","price_internet_only","offer_100_mbps","minimum_euro_ppp","34.13874756333628"
"2013","BG","price_internet_only","offer_12_30_mbps","minimum_euro_ppp","14.95279028871896"
"2013","BG","price_internet_only","offer_30_100_mbps","minimum_euro_ppp","17.21550760857555"
"2013","BG","price_internet_only","offer_8_12_mbps","minimum_euro_ppp","22.51403733257306"
"2013","CY","price_internet_only","offer_12_30_mbps","minimum_euro_ppp","46.32879404745191"
"2013","CY","price_internet_only","offer_30_100_mbps","minimum_euro_ppp","78.9891899480556"
"2013","CY","price_internet_only","offer_8_12_mbps","minimum_euro_ppp","39.52267303102625"
"2013","CZ","price_internet_only","offer_100_mbps","minimum_euro_ppp","46.28966279712549"
"2013","CZ","price_internet_only","offer_12_30_mbps","minimum_euro_ppp","22.53086419753086"
"2013","CZ","price_internet_only","offer_30_100_mbps","minimum_euro_ppp","28.05878017320803"
"2013","CZ","price_internet_only","offer_8_12_mbps","minimum_euro_ppp","19.76690620969228"
"2013","DE","price_internet_only","offer_100_mbps","minimum_euro_ppp","34.53658095951626"
"2013","DE","price_internet_only","offer_12_30_mbps","minimum_euro_ppp","20.09309294948432"
"2013","DE","price_internet_only","offer_30_100_mbps","minimum_euro_ppp","20.19006477186382"
"2013","DE","price_internet_only","offer_8_12_mbps","minimum_euro_ppp","15.40789270931301"
"2013","DK","price_internet_only","offer_100_mbps","minimum_euro_ppp","56.8876328681928"
"2013","DK","price_internet_only","offer_12_30_mbps","minimum_euro_ppp","18.64473628454736"
"2013","DK","price_internet_only","offer_30_100_mbps","minimum_euro_ppp","29.238336446222"
"2013","DK","price_internet_only","offer_8_12_mbps","minimum_euro_ppp","19.72854307031869"
"2013","EE","price_internet_only","offer_100_mbps","minimum_euro_ppp","39.73476088872989"
"2013","EE","price_internet_only","offer_12_30_mbps","minimum_euro_ppp","24.48346467051191"
"2013","EE","price_internet_only","offer_30_100_mbps","minimum_euro_ppp","27.603442322765"
"2013","EE","price_internet_only","offer_8_12_mbps","minimum_euro_ppp","17.7616321300283"
"2013","EL","price_internet_only","offer_12_30_mbps","minimum_euro_ppp","21.69295479575787"
"2013","EL","price_internet_only","offer_30_100_mbps","minimum_euro_ppp","36.24822769097606"
"2013","EL","price_internet_only","offer_8_12_mbps","minimum_euro_ppp","47.71014623814737"
"2013","ES","price_internet_only","offer_12_30_mbps","minimum_euro_ppp","38.72994055628526"
"2013","ES","price_internet_only","offer_30_100_mbps","minimum_euro_ppp","64.20377929143548"
"2013","ES","price_internet_only","offer_8_12_mbps","minimum_euro_ppp","43.87787544117127"
"2013","EU27","price_internet_only","offer_100_mbps","minimum_euro_ppp","51.88181517225106"
"2013","EU27","price_internet_only","offer_12_30_mbps","minimum_euro_ppp","22.83858760531282"
"2013","EU27","price_internet_only","offer_30_100_mbps","minimum_euro_ppp","34.03335189970122"
"2013","EU27","price_internet_only","offer_8_12_mbps","minimum_euro_ppp","24.63026652574533"
"2013","FI","price_internet_only","offer_100_mbps","minimum_euro_ppp","36.04717493538147"
"2013","FI","price_internet_only","offer_12_30_mbps","minimum_euro_ppp","24.31553492129777"
"2013","FI","price_internet_only","offer_30_100_mbps","minimum_euro_ppp","27.29672117276824"
"2013","FI","price_internet_only","offer_8_12_mbps","minimum_euro_ppp","15.92058540153556"
"2013","FR","price_internet_only","offer_100_mbps","minimum_euro_ppp","36.59460163063415"
"2013","FR","price_internet_only","offer_12_30_mbps","minimum_euro_ppp","25.27897097281882"
"2013","FR","price_internet_only","offer_30_100_mbps","minimum_euro_ppp","25.27897097281882"
"2013","HR","price_internet_only","offer_12_30_mbps","minimum_euro_ppp","29.33190509778325"
"2013","HR","price_internet_only","offer_30_100_mbps","minimum_euro_ppp","100.2861734867546"
"2013","HR","price_internet_only","offer_8_12_mbps","minimum_euro_ppp","36.20704327167707"
"2013","HU","price_internet_only","offer_100_mbps","minimum_euro_ppp","35.95553302604124"
"2013","HU","price_internet_only","offer_12_30_mbps","minimum_euro_ppp","17.87952735174728"
"2013","HU","price_internet_only","offer_30_100_mbps","minimum_euro_ppp","23.77387702814748"
"2013","HU","price_internet_only","offer_8_12_mbps","minimum_euro_ppp","17.54551420341794"
"2013","IE","price_internet_only","offer_100_mbps","minimum_euro_ppp","55.54177778186008"
"2013","IE","price_internet_only","offer_12_30_mbps","minimum_euro_ppp","31.42429521584668"
"2013","IE","price_internet_only","offer_30_100_mbps","minimum_euro_ppp","37.1714128545608"
"2013","IE","price_internet_only","offer_8_12_mbps","minimum_euro_ppp","32.40328258009734"
"2013","IS","price_internet_only","offer_30_100_mbps","minimum_euro_ppp","42.59631914433486"
"2013","IS","price_internet_only","offer_8_12_mbps","minimum_euro_ppp","35.01797908488108"
"2013","IT","price_internet_only","offer_12_30_mbps","minimum_euro_ppp","26.36036916954009"
"2013","IT","price_internet_only","offer_30_100_mbps","minimum_euro_ppp","36.61460209630659"
"2013","IT","price_internet_only","offer_8_12_mbps","minimum_euro_ppp","29.53828075412142"
"2013","LT","price_internet_only","offer_100_mbps","minimum_euro_ppp","28.77589240646656"
"2013","LT","price_internet_only","offer_12_30_mbps","minimum_euro_ppp","10.37819070397155"
"2013","LT","price_internet_only","offer_30_100_mbps","minimum_euro_ppp","11.32166258615078"
"2013","LT","price_internet_only","offer_8_12_mbps","minimum_euro_ppp","8.461894481056396"
"2013","LU","price_internet_only","offer_100_mbps","minimum_euro_ppp","54.33114626276367"
"2013","LU","price_internet_only","offer_12_30_mbps","minimum_euro_ppp","27.77386077401838"
"2013","LU","price_internet_only","offer_30_100_mbps","minimum_euro_ppp","46.0363147722654"
"2013","LU","price_internet_only","offer_8_12_mbps","minimum_euro_ppp","46.10543836801956"
"2013","LV","price_internet_only","offer_100_mbps","minimum_euro_ppp","25.81699138939853"
"2013","LV","price_internet_only","offer_12_30_mbps","minimum_euro_ppp","14.60141316285655"
"2013","LV","price_internet_only","offer_30_100_mbps","minimum_euro_ppp","19.25693620028906"
"2013","LV","price_internet_only","offer_8_12_mbps","minimum_euro_ppp","19.25693620028906"
"2013","MT","price_internet_only","offer_100_mbps","minimum_euro_ppp","137.386604531285"
"2013","MT","price_internet_only","offer_12_30_mbps","minimum_euro_ppp","23.43166703226769"
"2013","MT","price_internet_only","offer_30_100_mbps","minimum_euro_ppp","69.45617955024815"
"2013","MT","price_internet_only","offer_8_12_mbps","minimum_euro_ppp","40.07567254177584"
"2013","NL","price_internet_only","offer_12_30_mbps","minimum_euro_ppp","18.98807245240829"
"2013","NL","price_internet_only","offer_30_100_mbps","minimum_euro_ppp","21.34259343650692"
"2013","NL","price_internet_only","offer_8_12_mbps","minimum_euro_ppp","18.18297818042618"
"2013","NO","price_internet_only","offer_100_mbps","minimum_euro_ppp","87.81414994720168"
"2013","NO","price_internet_only","offer_12_30_mbps","minimum_euro_ppp","33.88008917047988"
"2013","NO","price_internet_only","offer_30_100_mbps","minimum_euro_ppp","46.37803590285111"
"2013","NO","price_internet_only","offer_8_12_mbps","minimum_euro_ppp","33.88008917047988"
"2013","PL","price_internet_only","offer_100_mbps","minimum_euro_ppp","49.98437348596821"
"2013","PL","price_internet_only","offer_12_30_mbps","minimum_euro_ppp","23.78096131038897"
"2013","PL","price_internet_only","offer_30_100_mbps","minimum_euro_ppp","25.52103165017353"
"2013","PL","price_internet_only","offer_8_12_mbps","minimum_euro_ppp","18.71428590925158"
"2013","PT","price_internet_only","offer_100_mbps","minimum_euro_ppp","96.93625622230068"
"2013","PT","price_internet_only","offer_12_30_mbps","minimum_euro_ppp","30.92497085239605"
"2013","PT","price_internet_only","offer_30_100_mbps","minimum_euro_ppp","34.65764354714713"
"2013","PT","price_internet_only","offer_8_12_mbps","minimum_euro_ppp","18.18616371429646"
"2013","RO","price_internet_only","offer_100_mbps","minimum_euro_ppp","34.04247593196952"
"2013","RO","price_internet_only","offer_12_30_mbps","minimum_euro_ppp","11.29705867964618"
"2013","RO","price_internet_only","offer_30_100_mbps","minimum_euro_ppp","12.06616646922031"
"2013","RO","price_internet_only","offer_8_12_mbps","minimum_euro_ppp","18.36881567991398"
"2013","SE","price_internet_only","offer_100_mbps","minimum_euro_ppp","32.39494750599747"
"2013","SE","price_internet_only","offer_12_30_mbps","minimum_euro_ppp","17.64369809236919"
"2013","SE","price_internet_only","offer_30_100_mbps","minimum_euro_ppp","11.84685833736986"
"2013","SE","price_internet_only","offer_8_12_mbps","minimum_euro_ppp","11.38827027269748"
"2013","SI","price_internet_only","offer_100_mbps","minimum_euro_ppp","104.2134921893538"
"2013","SI","price_internet_only","offer_12_30_mbps","minimum_euro_ppp","19.08219789514183"
"2013","SI","price_internet_only","offer_30_100_mbps","minimum_euro_ppp","30.77517429527712"
"2013","SI","price_internet_only","offer_8_12_mbps","minimum_euro_ppp","27.42460320772468"
"2013","SK","price_internet_only","offer_100_mbps","minimum_euro_ppp","37.72130515715844"
"2013","SK","price_internet_only","offer_12_30_mbps","minimum_euro_ppp","15.36749249955421"
"2013","SK","price_internet_only","offer_30_100_mbps","minimum_euro_ppp","23.08942634513193"
"2013","SK","price_internet_only","offer_8_12_mbps","minimum_euro_ppp","15.36749249955421"
"2013","UK","price_internet_only","offer_100_mbps","minimum_euro_ppp","52.00084159649799"
"2013","UK","price_internet_only","offer_12_30_mbps","minimum_euro_ppp","18.10966761968793"
"2013","UK","price_internet_only","offer_30_100_mbps","minimum_euro_ppp","29.42820988199288"
"2014","AT","price_internet_only","offer_100_mbps","minimum_euro_ppp","47.29073351306491"
"2014","AT","price_internet_only","offer_12_30_mbps","minimum_euro_ppp","22.26932847310041"
"2014","AT","price_internet_only","offer_30_100_mbps","minimum_euro_ppp","23.78815126160851"
"2014","AT","price_internet_only","offer_8_12_mbps","minimum_euro_ppp","16.35830267889003"
"2014","BE","price_internet_only","offer_100_mbps","minimum_euro_ppp","62.39754057293106"
"2014","BE","price_internet_only","offer_12_30_mbps","minimum_euro_ppp","23.75355226082112"
"2014","BE","price_internet_only","offer_30_100_mbps","minimum_euro_ppp","32.77198593925984"
"2014","BG","price_internet_only","offer_100_mbps","minimum_euro_ppp","34.32993947313496"
"2014","BG","price_internet_only","offer_12_30_mbps","minimum_euro_ppp","14.99181783258771"
"2014","BG","price_internet_only","offer_30_100_mbps","minimum_euro_ppp","17.26044095983932"
"2014","BG","price_internet_only","offer_8_12_mbps","minimum_euro_ppp","23.54074598378086"
"2014","CY","price_internet_only","offer_12_30_mbps","minimum_euro_ppp","47.36746219712152"
"2014","CY","price_internet_only","offer_30_100_mbps","minimum_euro_ppp","64.65203133539806"
"2014","CY","price_internet_only","offer_8_12_mbps","minimum_euro_ppp","41.68564401530333"
"2014","CZ","price_internet_only","offer_100_mbps","minimum_euro_ppp","37.29832825917914"
"2014","CZ","price_internet_only","offer_12_30_mbps","minimum_euro_ppp","19.86827909919171"
"2014","CZ","price_internet_only","offer_30_100_mbps","minimum_euro_ppp","27.24259101313004"
"2014","CZ","price_internet_only","offer_8_12_mbps","minimum_euro_ppp","21.59418188756026"
"2014","DE","price_internet_only","offer_100_mbps","minimum_euro_ppp","39.43576153816395"
"2014","DE","price_internet_only","offer_12_30_mbps","minimum_euro_ppp","20.31832308148607"
"2014","DE","price_internet_only","offer_30_100_mbps","minimum_euro_ppp","22.18654493404"
"2014","DE","price_internet_only","offer_8_12_mbps","minimum_euro_ppp","18.7063974106026"
"2014","DK","price_internet_only","offer_100_mbps","minimum_euro_ppp","57.13625138966776"
"2014","DK","price_internet_only","offer_12_30_mbps","minimum_euro_ppp","20.398191054311"
"2014","DK","price_internet_only","offer_30_100_mbps","minimum_euro_ppp","27.44901272099407"
"2014","DK","price_internet_only","offer_8_12_mbps","minimum_euro_ppp","19.84888285469732"
"2014","EE","price_internet_only","offer_100_mbps","minimum_euro_ppp","36.4226484688894"
"2014","EE","price_internet_only","offer_12_30_mbps","minimum_euro_ppp","16.66043039172682"
"2014","EE","price_internet_only","offer_30_100_mbps","minimum_euro_ppp","28.01418787584067"
"2014","EE","price_internet_only","offer_8_12_mbps","minimum_euro_ppp","15.51127411067683"
"2014","EL","price_internet_only","offer_12_30_mbps","minimum_euro_ppp","22.46287949298018"
"2014","EL","price_internet_only","offer_30_100_mbps","minimum_euro_ppp","33.65855527516607"
"2014","ES","price_internet_only","offer_100_mbps","minimum_euro_ppp","68.47695253802254"
"2014","ES","price_internet_only","offer_12_30_mbps","minimum_euro_ppp","39.79076039974983"
"2014","ES","price_internet_only","offer_30_100_mbps","minimum_euro_ppp","44.7801401485702"
"2014","ES","price_internet_only","offer_8_12_mbps","minimum_euro_ppp","42.45907337897245"
"2014","EU27","price_internet_only","offer_100_mbps","minimum_euro_ppp","51.69339699285511"
"2014","EU27","price_internet_only","offer_12_30_mbps","minimum_euro_ppp","23.15293732623657"
"2014","EU27","price_internet_only","offer_30_100_mbps","minimum_euro_ppp","29.61696253816863"
"2014","EU27","price_internet_only","offer_8_12_mbps","minimum_euro_ppp","23.67955802480032"
"2014","FI","price_internet_only","offer_100_mbps","minimum_euro_ppp","42.68057164928544"
"2014","FI","price_internet_only","offer_12_30_mbps","minimum_euro_ppp","27.36853721789991"
"2014","FI","price_internet_only","offer_30_100_mbps","minimum_euro_ppp","19.22970810572201"
"2014","FI","price_internet_only","offer_8_12_mbps","minimum_euro_ppp","17.16051426364288"
"2014","FR","price_internet_only","offer_100_mbps","minimum_euro_ppp","25.588594219722"
"2014","FR","price_internet_only","offer_12_30_mbps","minimum_euro_ppp","19.55531743905706"
"2014","FR","price_internet_only","offer_30_100_mbps","minimum_euro_ppp","23.77196376660615"
"2014","HR","price_internet_only","offer_100_mbps","minimum_euro_ppp","121.2357697558877"
"2014","HR","price_internet_only","offer_12_30_mbps","minimum_euro_ppp","29.70296134626003"
"2014","HR","price_internet_only","offer_30_100_mbps","minimum_euro_ppp","55.69251575776848"
"2014","HR","price_internet_only","offer_8_12_mbps","minimum_euro_ppp","26.25511255936355"
"2014","HU","price_internet_only","offer_100_mbps","minimum_euro_ppp","37.81411566670675"
"2014","HU","price_internet_only","offer_12_30_mbps","minimum_euro_ppp","15.57051821570278"
"2014","HU","price_internet_only","offer_30_100_mbps","minimum_euro_ppp","23.0785673252909"
"2014","HU","price_internet_only","offer_8_12_mbps","minimum_euro_ppp","25.58347694815171"
"2014","IE","price_internet_only","offer_100_mbps","minimum_euro_ppp","32.23400042364686"
"2014","IE","price_internet_only","offer_12_30_mbps","minimum_euro_ppp","35.30390522589895"
"2014","IE","price_internet_only","offer_30_100_mbps","minimum_euro_ppp","32.23400042364686"
"2014","IE","price_internet_only","offer_8_12_mbps","minimum_euro_ppp","23.73138742300934"
"2014","IS","price_internet_only","offer_30_100_mbps","minimum_euro_ppp","38.32849191742245"
"2014","IS","price_internet_only","offer_8_12_mbps","minimum_euro_ppp","35.31277025079274"
"2014","IT","price_internet_only","offer_12_30_mbps","minimum_euro_ppp","27.13254255341529"
"2014","IT","price_internet_only","offer_30_100_mbps","minimum_euro_ppp","34.49558715574999"
"2014","IT","price_internet_only","offer_8_12_mbps","minimum_euro_ppp","30.75842681078304"
"2014","LT","price_internet_only","offer_100_mbps","minimum_euro_ppp","37.58724179790973"
"2014","LT","price_internet_only","offer_12_30_mbps","minimum_euro_ppp","9.1285589368592"
"2014","LT","price_internet_only","offer_30_100_mbps","minimum_euro_ppp","11.53081128866425"
"2014","LT","price_internet_only","offer_8_12_mbps","minimum_euro_ppp","10.89554900007581"
"2014","LU","price_internet_only","offer_100_mbps","minimum_euro_ppp","54.46577802908722"
"2014","LU","price_internet_only","offer_12_30_mbps","minimum_euro_ppp","28.85900893534418"
"2014","LU","price_internet_only","offer_30_100_mbps","minimum_euro_ppp","43.57262242326977"
"2014","LU","price_internet_only","offer_8_12_mbps","minimum_euro_ppp","47.23601190393696"
"2014","LV","price_internet_only","offer_100_mbps","minimum_euro_ppp","19.53814540001147"
"2014","LV","price_internet_only","offer_12_30_mbps","minimum_euro_ppp","14.81579828788514"
"2014","LV","price_internet_only","offer_30_100_mbps","minimum_euro_ppp","15.02702148139878"
"2014","LV","price_internet_only","offer_8_12_mbps","minimum_euro_ppp","16.95820496495204"
"2014","MT","price_internet_only","offer_100_mbps","minimum_euro_ppp","134.059399038526"
"2014","MT","price_internet_only","offer_12_30_mbps","minimum_euro_ppp","30.40504408915725"
"2014","MT","price_internet_only","offer_30_100_mbps","minimum_euro_ppp","63.65363698680945"
"2014","MT","price_internet_only","offer_8_12_mbps","minimum_euro_ppp","30.7643977560244"
"2014","NL","price_internet_only","offer_100_mbps","minimum_euro_ppp","38.66659388248995"
"2014","NL","price_internet_only","offer_12_30_mbps","minimum_euro_ppp","16.98297456799559"
"2014","NL","price_internet_only","offer_30_100_mbps","minimum_euro_ppp","18.80257898599511"
"2014","NL","price_internet_only","offer_8_12_mbps","minimum_euro_ppp","17.64384478369958"
"2014","NO","price_internet_only","offer_100_mbps","minimum_euro_ppp","85.60117905127501"
"2014","NO","price_internet_only","offer_12_30_mbps","minimum_euro_ppp","32.95850089876001"
"2014","NO","price_internet_only","offer_30_100_mbps","minimum_euro_ppp","42.75774609267891"
"2014","NO","price_internet_only","offer_8_12_mbps","minimum_euro_ppp","37.10955351430399"
"2014","PL","price_internet_only","offer_100_mbps","minimum_euro_ppp","34.58544214575854"
"2014","PL","price_internet_only","offer_12_30_mbps","minimum_euro_ppp","20.39360518990562"
"2014","PL","price_internet_only","offer_30_100_mbps","minimum_euro_ppp","24.41148406210768"
"2014","PL","price_internet_only","offer_8_12_mbps","minimum_euro_ppp","19.37352314252312"
"2014","PT","price_internet_only","offer_100_mbps","minimum_euro_ppp","99.18762972599883"
"2014","PT","price_internet_only","offer_12_30_mbps","minimum_euro_ppp","36.45362636926102"
"2014","PT","price_internet_only","offer_30_100_mbps","minimum_euro_ppp","33.80738151278307"
"2014","PT","price_internet_only","offer_8_12_mbps","minimum_euro_ppp","21.10892349352322"
"2014","RO","price_internet_only","offer_100_mbps","minimum_euro_ppp","22.71305073353883"
"2014","RO","price_internet_only","offer_12_30_mbps","minimum_euro_ppp","12.97888613345076"
"2014","RO","price_internet_only","offer_30_100_mbps","minimum_euro_ppp","13.442417781074"
"2014","SE","price_internet_only","offer_100_mbps","minimum_euro_ppp","31.56516609837858"
"2014","SE","price_internet_only","offer_12_30_mbps","minimum_euro_ppp","20.66218750149865"
"2014","SE","price_internet_only","offer_30_100_mbps","minimum_euro_ppp","15.26944528368845"
"2014","SE","price_internet_only","offer_8_12_mbps","minimum_euro_ppp","12.9675188590118"
"2014","SI","price_internet_only","offer_100_mbps","minimum_euro_ppp","110.6749101996283"
"2014","SI","price_internet_only","offer_12_30_mbps","minimum_euro_ppp","22.74278483282932"
"2014","SI","price_internet_only","offer_30_100_mbps","minimum_euro_ppp","35.46208235008223"
"2014","SI","price_internet_only","offer_8_12_mbps","minimum_euro_ppp","28.64644310816399"
"2014","SK","price_internet_only","offer_100_mbps","minimum_euro_ppp","25.06184282770795"
"2014","SK","price_internet_only","offer_12_30_mbps","minimum_euro_ppp","17.28270060461983"
"2014","SK","price_internet_only","offer_30_100_mbps","minimum_euro_ppp","17.28270060461983"
"2014","SK","price_internet_only","offer_8_12_mbps","minimum_euro_ppp","15.84199723306235"
"2014","UK","price_internet_only","offer_100_mbps","minimum_euro_ppp","41.88851747404028"
"2014","UK","price_internet_only","offer_12_30_mbps","minimum_euro_ppp","15.06226340450707"
"2014","UK","price_internet_only","offer_30_100_mbps","minimum_euro_ppp","26.70678430959787"
"2015-02","AT","price_internet_only","offer_100_mbps","minimum_euro_ppp","46.51046031760234"
"2015-02","AT","price_internet_only","offer_12_30_mbps","minimum_euro_ppp","18.92431170086166"
"2015-02","AT","price_internet_only","offer_30_100_mbps","minimum_euro_ppp","24.5886808059659"
"2015-02","AT","price_internet_only","offer_8_12_mbps","minimum_euro_ppp","16.08839895451504"
"2015-02","BE","price_internet_only","offer_100_mbps","minimum_euro_ppp","65.34130720115266"
"2015-02","BE","price_internet_only","offer_12_30_mbps","minimum_euro_ppp","26.43909563707059"
"2015-02","BE","price_internet_only","offer_30_100_mbps","minimum_euro_ppp","23.39363077439283"
"2015-02","BG","price_internet_only","offer_100_mbps","minimum_euro_ppp","28.23348503867166"
"2015-02","BG","price_internet_only","offer_12_30_mbps","minimum_euro_ppp","11.6905440429825"
"2015-02","BG","price_internet_only","offer_30_100_mbps","minimum_euro_ppp","13.22838061568646"
"2015-02","CY","price_internet_only","offer_12_30_mbps","minimum_euro_ppp","49.19710106922447"
"2015-02","CY","price_internet_only","offer_30_100_mbps","minimum_euro_ppp","69.36903317050101"
"2015-02","CY","price_internet_only","offer_8_12_mbps","minimum_euro_ppp","33.50782054600937"
"2015-02","CZ","price_internet_only","offer_100_mbps","minimum_euro_ppp","15.1755192094823"
"2015-02","CZ","price_internet_only","offer_12_30_mbps","minimum_euro_ppp","14.69002788286316"
"2015-02","CZ","price_internet_only","offer_30_100_mbps","minimum_euro_ppp","15.1755192094823"
"2015-02","CZ","price_internet_only","offer_8_12_mbps","minimum_euro_ppp","15.1755192094823"
"2015-02","DE","price_internet_only","offer_100_mbps","minimum_euro_ppp","31.17746661085956"
"2015-02","DE","price_internet_only","offer_12_30_mbps","minimum_euro_ppp","22.4401658993189"
"2015-02","DE","price_internet_only","offer_30_100_mbps","minimum_euro_ppp","23.46171082615662"
"2015-02","DE","price_internet_only","offer_8_12_mbps","minimum_euro_ppp","18.48689801250586"
"2015-02","DK","price_internet_only","offer_100_mbps","minimum_euro_ppp","48.5828746618733"
"2015-02","DK","price_internet_only","offer_12_30_mbps","minimum_euro_ppp","22.39377300190903"
"2015-02","DK","price_internet_only","offer_30_100_mbps","minimum_euro_ppp","25.81462019379006"
"2015-02","DK","price_internet_only","offer_8_12_mbps","minimum_euro_ppp","19.03841906498812"
"2015-02","EE","price_internet_only","offer_100_mbps","minimum_euro_ppp","41.07578791452944"
"2015-02","EE","price_internet_only","offer_12_30_mbps","minimum_euro_ppp","13.67669065230576"
"2015-02","EE","price_internet_only","offer_30_100_mbps","minimum_euro_ppp","19.16260556576545"
"2015-02","EE","price_internet_only","offer_8_12_mbps","minimum_euro_ppp","16.60175000685739"
"2015-02","EL","price_internet_only","offer_12_30_mbps","minimum_euro_ppp","21.70177023184871"
"2015-02","EL","price_internet_only","offer_30_100_mbps","minimum_euro_ppp","31.4348628639464"
"2015-02","ES","price_internet_only","offer_100_mbps","minimum_euro_ppp","32.14601630710354"
"2015-02","ES","price_internet_only","offer_12_30_mbps","minimum_euro_ppp","40.20518970054295"
"2015-02","ES","price_internet_only","offer_30_100_mbps","minimum_euro_ppp","40.20518970054295"
"2015-02","ES","price_internet_only","offer_8_12_mbps","minimum_euro_ppp","41.57090036974117"
"2015-02","EU27","price_internet_only","offer_100_mbps","minimum_euro_ppp","42.49798614089018"
"2015-02","EU27","price_internet_only","offer_12_30_mbps","minimum_euro_ppp","22.25100624902219"
"2015-02","EU27","price_internet_only","offer_30_100_mbps","minimum_euro_ppp","26.12297248886929"
"2015-02","EU27","price_internet_only","offer_8_12_mbps","minimum_euro_ppp","23.12263570239422"
"2015-02","FI","price_internet_only","offer_100_mbps","minimum_euro_ppp","32.34383359543457"
"2015-02","FI","price_internet_only","offer_12_30_mbps","minimum_euro_ppp","16.13138567792351"
"2015-02","FI","price_internet_only","offer_30_100_mbps","minimum_euro_ppp","20.83749903175658"
"2015-02","FI","price_internet_only","offer_8_12_mbps","minimum_euro_ppp","15.7936263463087"
"2015-02","FR","price_internet_only","offer_100_mbps","minimum_euro_ppp","22.9786481587905"
"2015-02","FR","price_internet_only","offer_12_30_mbps","minimum_euro_ppp","17.6738428893506"
"2015-02","FR","price_internet_only","offer_30_100_mbps","minimum_euro_ppp","17.6738428893506"
"2015-02","HR","price_internet_only","offer_100_mbps","minimum_euro_ppp","67.37473932770504"
"2015-02","HR","price_internet_only","offer_12_30_mbps","minimum_euro_ppp","25.81033840580664"
"2015-02","HR","price_internet_only","offer_30_100_mbps","minimum_euro_ppp","37.0797175190948"
"2015-02","HR","price_internet_only","offer_8_12_mbps","minimum_euro_ppp","32.85192520532237"
"2015-02","HU","price_internet_only","offer_100_mbps","minimum_euro_ppp","27.45198822484931"
"2015-02","HU","price_internet_only","offer_12_30_mbps","minimum_euro_ppp","17.46413718985094"
"2015-02","HU","price_internet_only","offer_30_100_mbps","minimum_euro_ppp","15.77029110789215"
"2015-02","HU","price_internet_only","offer_8_12_mbps","minimum_euro_ppp","24.85605553219216"
"2015-02","IE","price_internet_only","offer_100_mbps","minimum_euro_ppp","37.95783806672111"
"2015-02","IE","price_internet_only","offer_12_30_mbps","minimum_euro_ppp","34.78208269062093"
"2015-02","IE","price_internet_only","offer_30_100_mbps","minimum_euro_ppp","31.75755376100172"
"2015-02","IS","price_internet_only","offer_30_100_mbps","minimum_euro_ppp","39.83543501540748"
"2015-02","IS","price_internet_only","offer_8_12_mbps","minimum_euro_ppp","38.92300631597352"
"2015-02","IT","price_internet_only","offer_100_mbps","minimum_euro_ppp","38.07852932624957"
"2015-02","IT","price_internet_only","offer_12_30_mbps","minimum_euro_ppp","31.19520876835919"
"2015-02","IT","price_internet_only","offer_30_100_mbps","minimum_euro_ppp","35.32520110309342"
"2015-02","IT","price_internet_only","offer_8_12_mbps","minimum_euro_ppp","47.95416699706605"
"2015-02","LT","price_internet_only","offer_100_mbps","minimum_euro_ppp","33.2530484699326"
"2015-02","LT","price_internet_only","offer_12_30_mbps","minimum_euro_ppp","8.559702694088383"
"2015-02","LT","price_internet_only","offer_30_100_mbps","minimum_euro_ppp","11.41841338270907"
"2015-02","LT","price_internet_only","offer_8_12_mbps","minimum_euro_ppp","11.41841338270907"
"2015-02","LU","price_internet_only","offer_100_mbps","minimum_euro_ppp","55.4024998487773"
"2015-02","LU","price_internet_only","offer_12_30_mbps","minimum_euro_ppp","28.3519658035058"
"2015-02","LU","price_internet_only","offer_30_100_mbps","minimum_euro_ppp","44.59695025047979"
"2015-02","LU","price_internet_only","offer_8_12_mbps","minimum_euro_ppp","25.8682474480023"
"2015-02","LV","price_internet_only","offer_100_mbps","minimum_euro_ppp","19.06197423174356"
"2015-02","LV","price_internet_only","offer_12_30_mbps","minimum_euro_ppp","12.51172053821006"
"2015-02","LV","price_internet_only","offer_30_100_mbps","minimum_euro_ppp","14.70495155020217"
"2015-02","LV","price_internet_only","offer_8_12_mbps","minimum_euro_ppp","14.84233514826879"
"2015-02","MT","price_internet_only","offer_100_mbps","minimum_euro_ppp","123.0705716582538"
"2015-02","MT","price_internet_only","offer_12_30_mbps","minimum_euro_ppp","29.47590834902861"
"2015-02","MT","price_internet_only","offer_30_100_mbps","minimum_euro_ppp","42.297095103717"
"2015-02","NL","price_internet_only","offer_100_mbps","minimum_euro_ppp","41.35357566627385"
"2015-02","NL","price_internet_only","offer_12_30_mbps","minimum_euro_ppp","19.51440269222826"
"2015-02","NL","price_internet_only","offer_30_100_mbps","minimum_euro_ppp","22.02014311574395"
"2015-02","NL","price_internet_only","offer_8_12_mbps","minimum_euro_ppp","29.73984846091855"
"2015-02","NO","price_internet_only","offer_100_mbps","minimum_euro_ppp","45.74745146084643"
"2015-02","NO","price_internet_only","offer_12_30_mbps","minimum_euro_ppp","32.65038044632594"
"2015-02","NO","price_internet_only","offer_30_100_mbps","minimum_euro_ppp","37.57289191167556"
"2015-02","NO","price_internet_only","offer_8_12_mbps","minimum_euro_ppp","36.35137980731102"
"2015-02","PL","price_internet_only","offer_100_mbps","minimum_euro_ppp","24.93336594222423"
"2015-02","PL","price_internet_only","offer_12_30_mbps","minimum_euro_ppp","12.49777195607748"
"2015-02","PL","price_internet_only","offer_30_100_mbps","minimum_euro_ppp","16.64296995145973"
"2015-02","PL","price_internet_only","offer_8_12_mbps","minimum_euro_ppp","16.83986685624039"
"2015-02","PT","price_internet_only","offer_100_mbps","minimum_euro_ppp","46.15120257287505"
"2015-02","PT","price_internet_only","offer_12_30_mbps","minimum_euro_ppp","32.1349351680399"
"2015-02","PT","price_internet_only","offer_30_100_mbps","minimum_euro_ppp","32.35756260782292"
"2015-02","PT","price_internet_only","offer_8_12_mbps","minimum_euro_ppp","23.06918961617177"
"2015-02","RO","price_internet_only","offer_100_mbps","minimum_euro_ppp","17.6914074195041"
"2015-02","RO","price_internet_only","offer_12_30_mbps","minimum_euro_ppp","21.73623774832234"
"2015-02","RO","price_internet_only","offer_30_100_mbps","minimum_euro_ppp","13.0417426489934"
"2015-02","SE","price_internet_only","offer_100_mbps","minimum_euro_ppp","30.40747155015232"
"2015-02","SE","price_internet_only","offer_12_30_mbps","minimum_euro_ppp","19.15589735382598"
"2015-02","SE","price_internet_only","offer_30_100_mbps","minimum_euro_ppp","15.63955714832787"
"2015-02","SE","price_internet_only","offer_8_12_mbps","minimum_euro_ppp","13.35328109192544"
"2015-02","SI","price_internet_only","offer_100_mbps","minimum_euro_ppp","112.3955528619261"
"2015-02","SI","price_internet_only","offer_12_30_mbps","minimum_euro_ppp","20.10907543376818"
"2015-02","SI","price_internet_only","offer_30_100_mbps","minimum_euro_ppp","30.73801031306819"
"2015-02","SI","price_internet_only","offer_8_12_mbps","minimum_euro_ppp","29.59956548665825"
"2015-02","SK","price_internet_only","offer_100_mbps","minimum_euro_ppp","20.97940177430844"
"2015-02","SK","price_internet_only","offer_12_30_mbps","minimum_euro_ppp","14.6926945665974"
"2015-02","SK","price_internet_only","offer_30_100_mbps","minimum_euro_ppp","17.23305082805639"
"2015-02","SK","price_internet_only","offer_8_12_mbps","minimum_euro_ppp","15.79648631200121"
"2015-02","UK","price_internet_only","offer_100_mbps","minimum_euro_ppp","45.81907370614827"
"2015-02","UK","price_internet_only","offer_12_30_mbps","minimum_euro_ppp","19.87219722808942"
"2015-02","UK","price_internet_only","offer_30_100_mbps","minimum_euro_ppp","26.47444364934037"
"2015-10","AT","price_internet_only","offer_100_mbps","minimum_euro_ppp","37.22989289211398"
"2015-10","AT","price_internet_only","offer_12_30_mbps","minimum_euro_ppp","18.28193079708615"
"2015-10","AT","price_internet_only","offer_30_100_mbps","minimum_euro_ppp","26.67643847680401"
"2015-10","AT","price_internet_only","offer_8_12_mbps","minimum_euro_ppp","19.5109470412125"
"2015-10","BE","price_internet_only","offer_100_mbps","minimum_euro_ppp","65.03422854133754"
"2015-10","BE","price_internet_only","offer_12_30_mbps","minimum_euro_ppp","25.56979158532507"
"2015-10","BE","price_internet_only","offer_30_100_mbps","minimum_euro_ppp","23.98200373620697"
"2015-10","BG","price_internet_only","offer_100_mbps","minimum_euro_ppp","28.47876812204467"
"2015-10","BG","price_internet_only","offer_12_30_mbps","minimum_euro_ppp","11.31319440152298"
"2015-10","BG","price_internet_only","offer_30_100_mbps","minimum_euro_ppp","13.77703705872367"
"2015-10","BG","price_internet_only","offer_8_12_mbps","minimum_euro_ppp","21.68663463550731"
"2015-10","CY","price_internet_only","offer_12_30_mbps","minimum_euro_ppp","37.4272784566765"
"2015-10","CY","price_internet_only","offer_30_100_mbps","minimum_euro_ppp","56.76660167137257"
"2015-10","CY","price_internet_only","offer_8_12_mbps","minimum_euro_ppp","56.73974150024105"
"2015-10","CZ","price_internet_only","offer_100_mbps","minimum_euro_ppp","15.24876735196421"
"2015-10","CZ","price_internet_only","offer_12_30_mbps","minimum_euro_ppp","14.57209346534454"
"2015-10","CZ","price_internet_only","offer_30_100_mbps","minimum_euro_ppp","15.24876735196421"
"2015-10","CZ","price_internet_only","offer_8_12_mbps","minimum_euro_ppp","15.24876735196421"
"2015-10","DE","price_internet_only","offer_100_mbps","minimum_euro_ppp","30.38131128940757"
"2015-10","DE","price_internet_only","offer_12_30_mbps","minimum_euro_ppp","19.4489231832316"
"2015-10","DE","price_internet_only","offer_30_100_mbps","minimum_euro_ppp","24.88739171049432"
"2015-10","DE","price_internet_only","offer_8_12_mbps","minimum_euro_ppp","20.78401388835571"
"2015-10","DK","price_internet_only","offer_100_mbps","minimum_euro_ppp","41.40364152909705"
"2015-10","DK","price_internet_only","offer_12_30_mbps","minimum_euro_ppp","16.97986295035103"
"2015-10","DK","price_internet_only","offer_30_100_mbps","minimum_euro_ppp","23.14953103530677"
"2015-10","DK","price_internet_only","offer_8_12_mbps","minimum_euro_ppp","14.98850544193754"
"2015-10","EE","price_internet_only","offer_100_mbps","minimum_euro_ppp","40.17704685313281"
"2015-10","EE","price_internet_only","offer_12_30_mbps","minimum_euro_ppp","20.0885234265664"
"2015-10","EE","price_internet_only","offer_30_100_mbps","minimum_euro_ppp","13.39234895104427"
"2015-10","EE","price_internet_only","offer_8_12_mbps","minimum_euro_ppp","17.41005363635755"
"2015-10","EL","price_internet_only","offer_12_30_mbps","minimum_euro_ppp","23.56343143064906"
"2015-10","EL","price_internet_only","offer_30_100_mbps","minimum_euro_ppp","33.57110520902938"
"2015-10","ES","price_internet_only","offer_100_mbps","minimum_euro_ppp","38.51459977237816"
"2015-10","ES","price_internet_only","offer_12_30_mbps","minimum_euro_ppp","41.10459946679546"
"2015-10","ES","price_internet_only","offer_30_100_mbps","minimum_euro_ppp","46.51875470330281"
"2015-10","ES","price_internet_only","offer_8_12_mbps","minimum_euro_ppp","42.23128038901919"
"2015-10","EU27","price_internet_only","offer_100_mbps","minimum_euro_ppp","40.2098694648633"
"2015-10","EU27","price_internet_only","offer_12_30_mbps","minimum_euro_ppp","21.93052324167457"
"2015-10","EU27","price_internet_only","offer_30_100_mbps","minimum_euro_ppp","25.89431324465307"
"2015-10","EU27","price_internet_only","offer_8_12_mbps","minimum_euro_ppp","23.08595199132903"
"2015-10","FI","price_internet_only","offer_100_mbps","minimum_euro_ppp","30.07325329881074"
"2015-10","FI","price_internet_only","offer_12_30_mbps","minimum_euro_ppp","16.00154386754903"
"2015-10","FI","price_internet_only","offer_30_100_mbps","minimum_euro_ppp","19.44129506185745"
"2015-10","FI","price_internet_only","offer_8_12_mbps","minimum_euro_ppp","15.6665031668047"
"2015-10","FR","price_internet_only","offer_100_mbps","minimum_euro_ppp","23.62538259728902"
"2015-10","FR","price_internet_only","offer_12_30_mbps","minimum_euro_ppp","18.46335568187339"
"2015-10","FR","price_internet_only","offer_30_100_mbps","minimum_euro_ppp","18.46335568187339"
"2015-10","HR","price_internet_only","offer_100_mbps","minimum_euro_ppp","52.05648677231176"
"2015-10","HR","price_internet_only","offer_12_30_mbps","minimum_euro_ppp","25.67507472244963"
"2015-10","HR","price_internet_only","offer_30_100_mbps","minimum_euro_ppp","36.88539464387276"
"2015-10","HR","price_internet_only","offer_8_12_mbps","minimum_euro_ppp","33.43984670527518"
"2015-10","HU","price_internet_only","offer_100_mbps","minimum_euro_ppp","18.38924809114201"
"2015-10","HU","price_internet_only","offer_12_30_mbps","minimum_euro_ppp","17.10819934771414"
"2015-10","HU","price_internet_only","offer_30_100_mbps","minimum_euro_ppp","12.43857005715448"
"2015-10","HU","price_internet_only","offer_8_12_mbps","minimum_euro_ppp","21.55213518719841"
"2015-10","IE","price_internet_only","offer_100_mbps","minimum_euro_ppp","37.43736728453298"
"2015-10","IE","price_internet_only","offer_12_30_mbps","minimum_euro_ppp","34.44237790177034"
"2015-10","IE","price_internet_only","offer_30_100_mbps","minimum_euro_ppp","34.14287896349408"
"2015-10","IS","price_internet_only","offer_100_mbps","minimum_euro_ppp","86.8196004153239"
"2015-10","IS","price_internet_only","offer_30_100_mbps","minimum_euro_ppp","38.8872431529906"
"2015-10","IS","price_internet_only","offer_8_12_mbps","minimum_euro_ppp","39.94425443675437"
"2015-10","IT","price_internet_only","offer_100_mbps","minimum_euro_ppp","43.53076875392967"
"2015-10","IT","price_internet_only","offer_12_30_mbps","minimum_euro_ppp","31.35432994164165"
"2015-10","IT","price_internet_only","offer_30_100_mbps","minimum_euro_ppp","35.50538862764893"
"2015-10","LT","price_internet_only","offer_100_mbps","minimum_euro_ppp","30.82937346076358"
"2015-10","LT","price_internet_only","offer_12_30_mbps","minimum_euro_ppp","8.928991786951009"
"2015-10","LT","price_internet_only","offer_30_100_mbps","minimum_euro_ppp","6.699449595300211"
"2015-10","LT","price_internet_only","offer_8_12_mbps","minimum_euro_ppp","13.0327203354992"
"2015-10","LU","price_internet_only","offer_100_mbps","minimum_euro_ppp","57.73978788666784"
"2015-10","LU","price_internet_only","offer_12_30_mbps","minimum_euro_ppp","27.16892359800432"
"2015-10","LU","price_internet_only","offer_30_100_mbps","minimum_euro_ppp","44.45823861491616"
"2015-10","LU","price_internet_only","offer_8_12_mbps","minimum_euro_ppp","26.3067879435222"
"2015-10","LV","price_internet_only","offer_100_mbps","minimum_euro_ppp","18.95577035521655"
"2015-10","LV","price_internet_only","offer_12_30_mbps","minimum_euro_ppp","12.39415753994929"
"2015-10","LV","price_internet_only","offer_30_100_mbps","minimum_euro_ppp","14.56678044989334"
"2015-10","LV","price_internet_only","offer_8_12_mbps","minimum_euro_ppp","13.89279750393008"
"2015-10","MT","price_internet_only","offer_100_mbps","minimum_euro_ppp","120.8672800078068"
"2015-10","MT","price_internet_only","offer_12_30_mbps","minimum_euro_ppp","29.69363715399065"
"2015-10","MT","price_internet_only","offer_30_100_mbps","minimum_euro_ppp","42.41601628775025"
"2015-10","NL","price_internet_only","offer_100_mbps","minimum_euro_ppp","43.43766306288163"
"2015-10","NL","price_internet_only","offer_12_30_mbps","minimum_euro_ppp","19.60568915904562"
"2015-10","NL","price_internet_only","offer_30_100_mbps","minimum_euro_ppp","22.12315119114097"
"2015-10","NO","price_internet_only","offer_100_mbps","minimum_euro_ppp","40.12791939267579"
"2015-10","NO","price_internet_only","offer_12_30_mbps","minimum_euro_ppp","31.7912354091388"
"2015-10","NO","price_internet_only","offer_30_100_mbps","minimum_euro_ppp","35.86748999464783"
"2015-10","NO","price_internet_only","offer_8_12_mbps","minimum_euro_ppp","34.40962431001014"
"2015-10","PL","price_internet_only","offer_100_mbps","minimum_euro_ppp","24.76815708866069"
"2015-10","PL","price_internet_only","offer_12_30_mbps","minimum_euro_ppp","12.45384024387221"
"2015-10","PL","price_internet_only","offer_30_100_mbps","minimum_euro_ppp","16.58446719043016"
"2015-10","PL","price_internet_only","offer_8_12_mbps","minimum_euro_ppp","16.81394646523894"
"2015-10","PT","price_internet_only","offer_100_mbps","minimum_euro_ppp","39.72186978168398"
"2015-10","PT","price_internet_only","offer_12_30_mbps","minimum_euro_ppp","32.58878752027694"
"2015-10","PT","price_internet_only","offer_30_100_mbps","minimum_euro_ppp","32.43738449270202"
"2015-10","PT","price_internet_only","offer_8_12_mbps","minimum_euro_ppp","23.12609829684449"
"2015-10","RO","price_internet_only","offer_100_mbps","minimum_euro_ppp","17.06895419830623"
"2015-10","RO","price_internet_only","offer_12_30_mbps","minimum_euro_ppp","20.97147150432924"
"2015-10","RO","price_internet_only","offer_30_100_mbps","minimum_euro_ppp","12.58288290259754"
"2015-10","SE","price_internet_only","offer_100_mbps","minimum_euro_ppp","25.44454102774004"
"2015-10","SE","price_internet_only","offer_12_30_mbps","minimum_euro_ppp","18.10467941378628"
"2015-10","SE","price_internet_only","offer_30_100_mbps","minimum_euro_ppp","16.86456865243798"
"2015-10","SE","price_internet_only","offer_8_12_mbps","minimum_euro_ppp","14.23431482591095"
"2015-10","SI","price_internet_only","offer_100_mbps","minimum_euro_ppp","114.8737208509992"
"2015-10","SI","price_internet_only","offer_12_30_mbps","minimum_euro_ppp","22.84421769813856"
"2015-10","SI","price_internet_only","offer_30_100_mbps","minimum_euro_ppp","33.77841609253785"
"2015-10","SI","price_internet_only","offer_8_12_mbps","minimum_euro_ppp","25.00853843295672"
"2015-10","SK","price_internet_only","offer_100_mbps","minimum_euro_ppp","26.82437430917021"
"2015-10","SK","price_internet_only","offer_12_30_mbps","minimum_euro_ppp","14.82803383089755"
"2015-10","SK","price_internet_only","offer_30_100_mbps","minimum_euro_ppp","14.82803383089755"
"2015-10","SK","price_internet_only","offer_8_12_mbps","minimum_euro_ppp","26.95945508747565"
"2015-10","UK","price_internet_only","offer_100_mbps","minimum_euro_ppp","23.34435090705669"
"2015-10","UK","price_internet_only","offer_12_30_mbps","minimum_euro_ppp","23.07771069109944"
"2015-10","UK","price_internet_only","offer_30_100_mbps","minimum_euro_ppp","32.85451860953171"
